{
    "display": {
        "icon": {
            "item": "minecraft:apple"
        },
        "title": "A healthy diet",
        "description": "An apple a day keeps the doctor away"
    },
        "parent": "minecraft:husbandry/root",
        "criteria": {
            "apple": {
                "trigger": "minecraft:consume_item",
                "conditions": {
                    "item": {
                        "item": "minecraft:apple"
                    }
                }
            }
        }
}
