{
    "display": {
        "icon": {
            "item": "minecraft:cake"
        },
        "title": "The Lie",
        "description": "Don't get too excited"
    },
        "parent": "minecraft:husbandry/root",
        "criteria": {
            "cake": {
                "trigger": "minecraft:item_used_on_block",
                "conditions": {
                    "location": {
                        "block": {
                            "block": "minecraft:cake"
                        }
                    }
                }
            }
        }
}
