{
    "display": {
        "icon": {
            "item": "minecraft:parrot_spawn_egg"
        },
        "title": "SUMMON THE CHARROT",
        "description": "What were you expecting, night vision?"
    },
        "parent": "minecraft:husbandry/root",
        "criteria": {
            "apple": {
                "trigger": "minecraft:consume_item",
                "conditions": {
                    "item": {
                        "item": "minecraft:carrot"
                    }
                }
            }
        }
}
