{
    "display": {
        "icon": {
            "item": "minecraft:cookie"
        },
        "title": "Tricked",
        "description": "Never accept cookies from strangers"
    },
        "parent": "minecraft:husbandry/root",
        "criteria": {
            "apple": {
                "trigger": "minecraft:consume_item",
                "conditions": {
                    "item": {
                        "item": "minecraft:cookie"
                    }
                }
            }
        }
}
