{
    "display": {
        "icon": {
            "item": "minecraft:pumpkin_pie"
        },
        "title": "Just one more pie",
        "description": "Lies we all tell ourselves"
    },
        "parent": "minecraft:husbandry/root",
        "criteria": {
            "apple": {
                "trigger": "minecraft:consume_item",
                "conditions": {
                    "item": {
                        "item": "minecraft:pumpkin_pie"
                    }
                }
            }
        }
}
