{
    "display": {
        "icon": {
            "item": "minecraft:rabbit_stew"
        },
        "title": "The Rabbits' Revenge",
        "description": "The souls have arisen from the stew"
    },
        "parent": "minecraft:husbandry/root",
        "criteria": {
            "apple": {
                "trigger": "minecraft:consume_item",
                "conditions": {
                    "item": {
                        "item": "minecraft:rabbit_stew"
                    }
                }
            }
        }
}
