{
    "display": {
        "icon": {
            "item": "minecraft:spider_eye"
        },
        "title": "Eye of the spider",
        "description": "Seeing through the fire"
    },
        "parent": "minecraft:husbandry/root",
        "criteria": {
            "apple": {
                "trigger": "minecraft:consume_item",
                "conditions": {
                    "item": {
                        "item": "minecraft:spider_eye"
                    }
                }
            }
        }
}
